conceptType,conceptUri,skillType,reuseLevel,preferredLabel,status,altLabels,description,broaderConceptUri,broaderConceptPT
KnowledgeSkillCompetence,http://data.europa.eu/esco/skill/001115fb-569f-4ee6-8381-c6807ef2527f,skill/competence,transversal,initiatief aan de dag leggen,released,,"Proactief zijn en de eerste stap zetten zonder te wachten op wat anderen zeggen of doen.
  ",http://data.europa.eu/esco/skill/91860993-1a8b-4473-91f3-600aa1924bd0,een proactieve aanpak hanteren
KnowledgeSkillCompetence,http://data.europa.eu/esco/skill/0171653e-c8e9-4c24-bb86-a4b6fe038f25,skill/competence,transversal,manieren toepassen om de biodiversiteit en het dierenwelzijn te bevorderen,released,,"Gedrag aannemen dat bijdraagt tot het behoud van stabiele ecosystemen en de strijd tegen massa-extinctie, bijvoorbeeld door bewuste voedingskeuzes te maken die de biologische voedselproductie en het dierenwelzijn ondersteunen.
  ",http://data.europa.eu/esco/skill/80cf002a-6586-4db7-9c9a-88325a9a5e1b,ecologische vaardigheden en competenties toepassen
KnowledgeSkillCompetence,http://data.europa.eu/esco/skill/045f71e6-0699-4169-8a54-9c6b96f3174d,skill/competence,transversal,anderen adviseren,released,,"Suggesties aanreiken over de beste manier van aanpak.
  ",http://data.europa.eu/esco/skill/82463bb1-85d1-4e99-a4ce-08508fc3b2a3,anderen steunen
KnowledgeSkillCompetence,http://data.europa.eu/esco/skill/05aa7c09-46e7-433f-a81b-92841f4551e7,skill/competence,transversal,kritiek en begeleiding aanvaarden,released,,"Omgaan met negatieve feedback van anderen en open reageren op kritiek, en proberen om op basis daarvan mogelijke verbeterpunten aan te wijzen.
  ",http://data.europa.eu/esco/skill/f5c9eef3-0495-4747-9519-d71a58d252bd,de bereidheid tonen om te leren
KnowledgeSkillCompetence,http://data.europa.eu/esco/skill/0b709c64-a57a-4976-86bd-34d2cf34fa4f,skill/competence,transversal,"kennis van filosofie, ethiek en godsdienst toepassen",released,,"Een persoonlijk perspectief op de eigen rol, betekenis en zingeving ontdekken en ontwikkelen, met inbegrip van wat het betekent te leven, te sterven en mens te zijn.
  ",http://data.europa.eu/esco/skill/44ff6716-7d71-4a16-821b-61d10e9e290d,algemene kennis toepassen
KnowledgeSkillCompetence,http://data.europa.eu/esco/skill/0d75a128-bd88-4c1b-b70d-8e963aeb490c,skill/competence,transversal,manieren toepassen om vervuiling te verminderen,released,,"Maatregelen toepassen om lucht-, geluids-, licht-, water- of milieuverontreiniging te verminderen, bijvoorbeeld door gebruik te maken van het openbaar vervoer, geen afval achter te laten in de natuur en onnodige licht- en geluidsemissies te beperken, met name ‘s nachts.
  ",http://data.europa.eu/esco/skill/80cf002a-6586-4db7-9c9a-88325a9a5e1b,ecologische vaardigheden en competenties toepassen
KnowledgeSkillCompetence,http://data.europa.eu/esco/skill/113b4428-0a31-4199-8496-070af7854b91,skill/competence,transversal,verbintenissen nakomen,released,aan eisen voldoen,"Zijn taken op een gedisciplineerde, betrouwbare en doelgerichte manier uitvoeren.",http://data.europa.eu/esco/skill/14c41899-0224-4cbc-bd8c-e946ada2da87,efficiënt werken
KnowledgeSkillCompetence,http://data.europa.eu/esco/skill/13b4a3d2-abdf-4442-8e52-d7464a58ecbc,skill/competence,transversal,zich aanpassen aan fysieke eisen,released,,"Blijk geven van het vermogen om tijdens werk of sport een hoge fysieke belasting te verdragen. Dit omvat knielen, lang staan of lopen of werken onder moeilijke weersomstandigheden, zoals sterke hitte, koude en regen.
  ",http://data.europa.eu/esco/skill/e52389a2-1a05-45b0-8db3-4bda0f0c0b48,inspelen op fysieke omstandigheden
KnowledgeSkillCompetence,http://data.europa.eu/esco/skill/199f7919-5114-41b6-b6a5-41e0e4896ec1,skill/competence,transversal,verantwoordelijkheid nemen,released,verantwoordelijkheid aanvaarden | blijk geven van verantwoordelijkheid,"Verantwoordelijkheid en aansprakelijkheid aanvaarden voor eigen professionele beslissingen en handelingen, of voor beslissingen en handelingen die aan anderen zijn gedelegeerd.
  ",http://data.europa.eu/esco/skill/91860993-1a8b-4473-91f3-600aa1924bd0,een proactieve aanpak hanteren
KnowledgeSkillCompetence,http://data.europa.eu/esco/skill/19a64e91-bfe3-4c48-9225-3bb1229b12f0,skill/competence,transversal,vastberadenheid tonen,released,,"De inzet tonen om iets te doen dat moeilijk is en waaraan hard gewerkt moet worden. Een grote inspanning laten zien, gedreven door interesse of plezier in het werk zelf, zonder externe druk.
  ",http://data.europa.eu/esco/skill/91860993-1a8b-4473-91f3-600aa1924bd0,een proactieve aanpak hanteren
KnowledgeSkillCompetence,http://data.europa.eu/esco/skill/19ba11f3-9c99-41fd-a7c9-f77e6a026186,skill/competence,transversal,berekeningen uitvoeren,released,,"Wiskundige problemen oplossen om werkdoelen te bereiken.
  ",http://data.europa.eu/esco/skill/edc72cfe-78a8-4531-b00f-92992a0bb8cb,werken met maten en getallen
KnowledgeSkillCompetence,http://data.europa.eu/esco/skill/1d1fedcb-4995-44ac-90f5-f31a157ce512,skill/competence,transversal,omgaan met frustratie,released,omgaan met ergernissen,Kalm blijven en constructief reageren op eigen woede of de woede van anderen of in geval van obstakels of klachten.,http://data.europa.eu/esco/skill/2b2c3254-7f6c-47e2-84f1-aece946fbfae,een positieve houding bewaren
KnowledgeSkillCompetence,http://data.europa.eu/esco/skill/1dabb413-18e8-48ed-a963-44978e67ad32,skill/competence,transversal,kansen berekenen,released,,"De waarschijnlijkheid van een uitkomst voorspellen op basis van berekeningen of ervaring.
  ",http://data.europa.eu/esco/skill/edc72cfe-78a8-4531-b00f-92992a0bb8cb,werken met maten en getallen
KnowledgeSkillCompetence,http://data.europa.eu/esco/skill/1ddc021d-d818-4731-904f-842d7491f419,skill/competence,transversal,financiële en materiële middelen beheren,released,,"Een doeltreffende financiële planning opstellen, gebruikmaken van krediet, spaarmiddelen, beleggingen en pensioenen om korte- en langetermijndoelstellingen te verwezenlijken, kritisch omgaan met financiële adviezen en begeleidingsdiensten, aanbiedingen en offertes vergelijken bij de aanschaf van producten of diensten en op een actieve manier passende verzekeringsproducten selecteren.
  ",http://data.europa.eu/esco/skill/6c6957bf-cf1f-4483-9c7e-1655f251b01a,zakelijke en financiële vaardigheden en competenties toepassen
KnowledgeSkillCompetence,http://data.europa.eu/esco/skill/1fce1197-3a5b-45b7-8797-575cd3b57a01,skill/competence,transversal,inzet tonen,released,,"De bereidheid tonen om onmiddellijk taken op zich te nemen, zelfs als die moeilijk of ongemakkelijk zijn.
  ",http://data.europa.eu/esco/skill/91860993-1a8b-4473-91f3-600aa1924bd0,een proactieve aanpak hanteren
KnowledgeSkillCompetence,http://data.europa.eu/esco/skill/20012caa-b63c-4cb9-b2b8-01a1cfdfc1d1,skill/competence,transversal,snel denken,released,,"In staat zijn de belangrijkste aspecten van feiten en hun verbanden snel en accuraat te begrijpen en te verwerken.
  ",http://data.europa.eu/esco/skill/fff1d675-c36a-4c12-9cd4-407f21ccd06a,"informatie, ideeën en concepten verwerken"
KnowledgeSkillCompetence,http://data.europa.eu/esco/skill/2aaad52d-599e-4e77-a681-bbc236825821,skill/competence,transversal,de milieueffecten van persoonlijk gedrag evalueren,released,,"In het dagelijks leven een op duurzaamheid gerichte mentaliteit aannemen en nadenken over de eigen ecologische houding en over de milieueffecten van het eigen gedrag.
  ",http://data.europa.eu/esco/skill/80cf002a-6586-4db7-9c9a-88325a9a5e1b,ecologische vaardigheden en competenties toepassen
KnowledgeSkillCompetence,http://data.europa.eu/esco/skill/35ebe444-9ece-4fbc-a55d-e99ea37267ae,skill/competence,transversal,kwaliteit beheren,released,,"Streven naar uitmuntendheid in processen, producten en activiteiten op de werkplek.",http://data.europa.eu/esco/skill/14c41899-0224-4cbc-bd8c-e946ada2da87,efficiënt werken
KnowledgeSkillCompetence,http://data.europa.eu/esco/skill/409a0245-0e6c-4aac-ba16-0920ecb76a8d,skill/competence,transversal,zelfreflectie toepassen,released,,"Doeltreffend, regelmatig en systematisch reflecteren over eigen acties, prestaties en attitudes, en de nodige aanpassingen doorvoeren, op zoek gaan naar mogelijkheden voor professionele ontwikkeling om lacunes in kennis en praktijk op vastgestelde gebieden aan te pakken. De impact van uw eigen professionele ontwikkeling evalueren.
	",http://data.europa.eu/esco/skill/f5c9eef3-0495-4747-9519-d71a58d252bd,de bereidheid tonen om te leren
KnowledgeSkillCompetence,http://data.europa.eu/esco/skill/429062f1-a958-43ea-83dd-4e1af078c156,skill/competence,transversal,nieuwsgierigheid tonen,released,nieuwsgierig zijn,"Blijk geven van een levendige belangstelling voor nieuw leven, een open houding ten aanzien van ervaring, het zoeken van onderwerpen en fascinerende zaken, actief zoeken naar en ontdekken van nieuwe gebieden.",http://data.europa.eu/esco/skill/f5c9eef3-0495-4747-9519-d71a58d252bd,de bereidheid tonen om te leren
KnowledgeSkillCompetence,http://data.europa.eu/esco/skill/468135b7-5757-48c3-9509-fde0e13ec5be,skill/competence,transversal,persoonlijke vooruitgang beheren,released,,"De leiding nemen over de eigen vaardigheden en competenties en deze in de markt zetten om vooruitgang te boeken in werk en privéleven.
  ",http://data.europa.eu/esco/skill/91860993-1a8b-4473-91f3-600aa1924bd0,een proactieve aanpak hanteren
KnowledgeSkillCompetence,http://data.europa.eu/esco/skill/469748ce-051a-407e-9099-0c9415ac2705,skill/competence,transversal,uitdagingen positief benaderen,released,,"Een positieve houding aannemen en een constructieve aanpak hanteren bij het aangaan van uitdagingen.
  ",http://data.europa.eu/esco/skill/2b2c3254-7f6c-47e2-84f1-aece946fbfae,een positieve houding bewaren
KnowledgeSkillCompetence,http://data.europa.eu/esco/skill/4707da90-9cfc-46ca-8de0-38a0b7bfb137,skill/competence,transversal,analytisch denken,released,gestructureerd denken | logisch denken | verbanden kunnen zien,"Gedachten vormen via logica en redenering om de sterke en zwakke punten van alternatieve oplossingen, conclusies of benaderingen van problemen in kaart te brengen.",http://data.europa.eu/esco/skill/fff1d675-c36a-4c12-9cd4-407f21ccd06a,"informatie, ideeën en concepten verwerken"
KnowledgeSkillCompetence,http://data.europa.eu/esco/skill/49de9958-2aa4-4eef-a89d-fe5d5bcd28c4,skill/competence,transversal,zich aan verandering aanpassen,released,zich aan veranderingen aanpassen,Veranderen van iemands houding of gedrag om aanpassingen op de werkplek mogelijk te maken.,http://data.europa.eu/esco/skill/f5c9eef3-0495-4747-9519-d71a58d252bd,de bereidheid tonen om te leren
KnowledgeSkillCompetence,http://data.europa.eu/esco/skill/4c3ab565-747c-4db3-8c47-79e8d6f98cf4,skill/competence,transversal,manieren vinden om de negatieve gevolgen van consumptie te verminderen,released,materialen hergebruiken | producten voor eenmalig gebruik vermijden | de afvalproductie in huishoudens minimaliseren | fysieke middelen delen | producten hergebruiken | water- of energieverbruik verminderen | energieverbruik verminderen | milieuvriendelijke werkmethoden te volgen | minimalistische levensstijl beoefenen,"Beginselen, beleidsmaatregelen en regelgeving toepassen; gericht op ecologische duurzaamheid, waaronder de vermindering van afval en energie- en waterverbruik, het hergebruik en de recycling van producten, en betrokkenheid bij de gedeelde economie.
  ",http://data.europa.eu/esco/skill/80cf002a-6586-4db7-9c9a-88325a9a5e1b,ecologische vaardigheden en competenties toepassen
KnowledgeSkillCompetence,http://data.europa.eu/esco/skill/4c772721-9280-49cb-9988-b6ea3d36b06d,skill/competence,transversal,psychisch welzijn bewaken,released,,"In staat zijn bedreigingen voor het psychisch welzijn te vermijden, bijvoorbeeld tijdens het gebruik van digitale technologieën, met inbegrip van het behoud van een gezond evenwicht tussen werk en privéleven.
  ",http://data.europa.eu/esco/skill/3d54fec5-d9cb-45a0-bf8d-ffaf3790a5bb,gezondheidsvaardigheden en -competenties toepassen
KnowledgeSkillCompetence,http://data.europa.eu/esco/skill/4cde32b5-fc2f-4257-a8b9-5b15a67ee3e5,skill/competence,transversal,de gezondheid van anderen beschermen,released,,"Letsel voorkomen aan en ondersteuning bieden voor het herstel van familieleden, voogden en medeburgers, met inbegrip van een adequate reactie in geval van ongevallen zoals het verlenen van eerste hulp.
  ",http://data.europa.eu/esco/skill/3d54fec5-d9cb-45a0-bf8d-ffaf3790a5bb,gezondheidsvaardigheden en -competenties toepassen
KnowledgeSkillCompetence,http://data.europa.eu/esco/skill/5b46f572-7ced-4efd-b270-a81a164d521c,skill/competence,transversal,discussies modereren,released,,"Moderatietechnieken en -methoden toepassen om discussies tussen twee of meer mensen te leiden, met inbegrip van situaties zoals workshops, conferenties of online-evenementen. Ervoor zorgen dat het debat correct en beleefd verloopt.
  ",http://data.europa.eu/esco/skill/6f142deb-03a9-4cd7-94ce-e0f023ae2169,communiceren
KnowledgeSkillCompetence,http://data.europa.eu/esco/skill/5c3ab99d-a3f1-4620-9602-d12d2151a03d,skill/competence,transversal,"kennis van wetenschap, technologie en techniek toepassen",released,,"Een begrip van de fysische wereld en haar heersende beginselen ontwikkelen en toepassen, bijvoorbeeld door redelijke voorspellingen te doen over oorzaken en gevolgen, deze voorspellingen te toetsen en metingen uit te voeren met geschikte eenheden, instrumenten en apparatuur.
  ",http://data.europa.eu/esco/skill/44ff6716-7d71-4a16-821b-61d10e9e290d,algemene kennis toepassen
KnowledgeSkillCompetence,http://data.europa.eu/esco/skill/5c526c52-4f0a-4647-8c51-c91568acebb1,skill/competence,transversal,ruimtelijke informatie verwerken,released,,"In staat zijn een mentale voorstelling te maken van de positie en onderlinge verhouding van lichamen in driedimensionale ruimten en daarbij een goed gevoel voor proporties ontwikkelen.
  ",http://data.europa.eu/esco/skill/edc72cfe-78a8-4531-b00f-92992a0bb8cb,werken met maten en getallen
KnowledgeSkillCompetence,http://data.europa.eu/esco/skill/5ca953f7-541d-4f67-bc55-7721348366cf,skill/competence,transversal,de diversiteit van culturele waarden en normen eerbiedigen,released,,"Blijk geven van interculturele competenties en respect voor de eigen culturele waarden en normen. Tolerantie en waardering aan de dag leggen voor de verschillende waarden en normen die verschillende mensen en culturen aanhangen en die onder verschillende omstandigheden of op verschillende tijdstippen en op verschillende plaatsen zijn ontwikkeld.
  ",http://data.europa.eu/esco/skill/d6e97b91-b75d-45f5-8566-667798957b0f,maatschappelijke vaardigheden en competenties toepassen
KnowledgeSkillCompetence,http://data.europa.eu/esco/skill/5cd1930c-278d-4929-b413-27352f5b3687,skill/competence,transversal,omgaan met onzekerheid,released,,"Onzekerheid verdragen en constructief te werk gaan in onverwachte en onvoorspelbare situaties.
  ",http://data.europa.eu/esco/skill/2b2c3254-7f6c-47e2-84f1-aece946fbfae,een positieve houding bewaren
KnowledgeSkillCompetence,http://data.europa.eu/esco/skill/609a8ac1-9d29-4237-9886-596dbbe7ca8a,skill/competence,transversal,een publiek toespreken,released,,"Op een gestructureerde, weloverwogen en directe manier een groep toehoorders toespreken om hen te informeren, te beïnvloeden of te entertainen.
  ",http://data.europa.eu/esco/skill/6f142deb-03a9-4cd7-94ce-e0f023ae2169,communiceren
KnowledgeSkillCompetence,http://data.europa.eu/esco/skill/60c78287-22eb-4103-9c8c-28deaa460da0,skill/competence,transversal,in teams werken,released,in groepen werken,Vol vertrouwen werken binnen een groep waarin ieder zijn deel in dienst van het geheel stelt.,http://data.europa.eu/esco/skill/036afa6e-cdde-4b38-a53a-8e7910a840e1,samenwerken in teams en netwerken
KnowledgeSkillCompetence,http://data.europa.eu/esco/skill/669b75d8-671c-4a1c-8e0b-6466c513c27d,skill/competence,transversal,zelfvertrouwen tonen,released,zelfzekerheid tonen,Mate van volwassenheid laten zien door het volledig begrijpen van de eigen kwaliteiten en vaardigheden die in verschillende situaties als bron van vertrouwen kunnen dienen.,http://data.europa.eu/esco/skill/2b2c3254-7f6c-47e2-84f1-aece946fbfae,een positieve houding bewaren
KnowledgeSkillCompetence,http://data.europa.eu/esco/skill/699e7c26-6502-4e78-a823-3656ff5a5b8b,skill/competence,transversal,anderen onderwijzen,released,les geven aan anderen,Anderen begeleiden of onderwijzen door relevante kennis en ondersteuning te bieden.,http://data.europa.eu/esco/skill/82463bb1-85d1-4e99-a4ce-08508fc3b2a3,anderen steunen
KnowledgeSkillCompetence,http://data.europa.eu/esco/skill/6b2f8802-0cbf-436e-a37f-ca55ede41bbc,skill/competence,transversal,digitale hardware bedienen,released,,"Apparatuur zoals een beeldscherm, muis, toetsenbord, opslagapparatuur, printers en scanners gebruiken om bewerkingen uit te voeren zoals aansluiten, opstarten, afsluiten, opnieuw opstarten, bestanden opslaan en andere bewerkingen.
  ",http://data.europa.eu/esco/skill/3399045f-8078-4066-8b46-475b49b260ab,werken met digitale apparaten en toepassingen
KnowledgeSkillCompetence,http://data.europa.eu/esco/skill/6b305973-8993-475f-bd8a-daf037c61401,skill/competence,transversal,"informatie, objecten en middelen organiseren",released,,"Uw taken en de processen die erbij horen begrijpen. Informatie, objecten en hulpmiddelen organiseren volgens systematische methoden en volgens bestaande normen en ervoor zorgen dat de taak wordt beheerst.
  ",http://data.europa.eu/esco/skill/66fdc34c-2326-4baa-b8ff-7a1d1015fe3a,plannen en organiseren
KnowledgeSkillCompetence,http://data.europa.eu/esco/skill/6fc6f757-6baa-49fe-9a82-6ba6a52f2e13,skill/competence,transversal,wiskundige informatie interpreteren,released,,"Blijk geven van inzicht in wiskundige termen en concepten, en wiskundige basisbeginselen en -processen toepassen om gegevens en feiten te interpreteren.
  ",http://data.europa.eu/esco/skill/edc72cfe-78a8-4531-b00f-92992a0bb8cb,werken met maten en getallen
KnowledgeSkillCompetence,http://data.europa.eu/esco/skill/72d1fa5d-1b7f-48e7-84e3-6e779841ddf1,skill/competence,transversal,blijk geven van loyaliteit,released,,"Blijk geven van innerlijke gehechtheid aan een groep of organisatie, onder meer door de waarden ervan te delen en uit te dragen.
  ",http://data.europa.eu/esco/skill/925af2b5-2f4d-4cce-92cc-79e1ff887c7d,een ethische gedragscode volgen
KnowledgeSkillCompetence,http://data.europa.eu/esco/skill/75d8e5d9-bef3-418b-9011-01bff9f27207,skill/competence,transversal,anderen leiden,released,,"Anderen begeleiden, coachen en leiden om gemeenschappelijke doelen te bereiken, en een leiderschapsrol aannemen binnen een groep of team. Presteren, handelen en een gedrag aannemen waardoor medewerkers worden geïnspireerd om het voorbeeld van hun leidinggevenden te volgen.
	",http://data.europa.eu/esco/skill/fe5eabaa-63f6-4c44-b405-fc3ded8d56cb,anderen leiden
KnowledgeSkillCompetence,http://data.europa.eu/esco/skill/77b636e8-fab3-41a8-8022-1e0a354059dc,skill/competence,transversal,empathie tonen,released,medeleven tonen,Empathie tonen om elk soort symbolisch geweld en isolement te voorkomen en het garanderen van voldoende aandacht voor iedereen. Het moet een vermogen omvatten om verschillende verbale en non-verbale communicatie van sentiment en gevoelens te begrijpen.,http://data.europa.eu/esco/skill/82463bb1-85d1-4e99-a4ce-08508fc3b2a3,anderen steunen
KnowledgeSkillCompetence,http://data.europa.eu/esco/skill/7954861c-86d4-4529-afbb-2c23dab9ac74,skill/competence,transversal,onderhandelen over een compromis,released,,"Communiceren met anderen met de bedoeling tot een gemeenschappelijk akkoord te komen of een punt van verschil op te lossen, zonder zijn eigen intenties of doelen of die van de anderen uit het oog te verliezen.",http://data.europa.eu/esco/skill/6f142deb-03a9-4cd7-94ce-e0f023ae2169,communiceren
KnowledgeSkillCompetence,http://data.europa.eu/esco/skill/7a147904-22b3-498a-b4d9-7bceeb86b45d,skill/competence,transversal,omgaan met stress,released,stress aankunnen,"Omgaan met uitdagingen, verstoringen en veranderingen en herstellen van tegenslagen en tegenspoed.
  ",http://data.europa.eu/esco/skill/2b2c3254-7f6c-47e2-84f1-aece946fbfae,een positieve houding bewaren
KnowledgeSkillCompetence,http://data.europa.eu/esco/skill/7a93e22f-54d8-4bf0-9213-d711f6601b49,skill/competence,transversal,efficiënt werken,released,,"Het bereiken van doelstellingen met een minimale hoeveelheid aan tijd, moeite of kosten.",http://data.europa.eu/esco/skill/14c41899-0224-4cbc-bd8c-e946ada2da87,efficiënt werken
KnowledgeSkillCompetence,http://data.europa.eu/esco/skill/7d9bace0-63d0-4848-ac87-350a98082c12,skill/competence,transversal,actief deelnemen aan het maatschappelijk leven,released,,"Actief deelnemen aan activiteiten voor het algemeen of het openbaar belang, zoals burger-, gemeenschaps- of buurtinitiatieven, vrijwilligerswerk en niet-gouvernementele organisaties.
  ",http://data.europa.eu/esco/skill/d6e97b91-b75d-45f5-8566-667798957b0f,maatschappelijke vaardigheden en competenties toepassen
KnowledgeSkillCompetence,http://data.europa.eu/esco/skill/7dd94ad3-13d6-43fe-8b94-51fcbf67ced9,skill/competence,transversal,kritisch denken,released,informatie beoordelen,"Een oordeel vormen en verdedigen op basis van intern bewijs en externe criteria. De geloofwaardigheid en betrouwbaarheid van informatie kritisch beoordelen alvorens deze te gebruiken of aan anderen door te geven. Zelfstandig en kritisch denken ontwikkelen.
  ",http://data.europa.eu/esco/skill/fff1d675-c36a-4c12-9cd4-407f21ccd06a,"informatie, ideeën en concepten verwerken"
KnowledgeSkillCompetence,http://data.europa.eu/esco/skill/7f321b88-3d16-4e30-8163-5494ca8ce978,skill/competence,transversal,anderen betrekken bij milieuvriendelijk gedrag,released,,"Informatie verstrekken over en bevordering van milieuvriendelijk gedrag in sociale netwerken en op het werk.
  ",http://data.europa.eu/esco/skill/80cf002a-6586-4db7-9c9a-88325a9a5e1b,ecologische vaardigheden en competenties toepassen
KnowledgeSkillCompetence,http://data.europa.eu/esco/skill/83e6510b-ffeb-4aec-959c-4265fd0ff7b7,skill/competence,transversal,gedetailleerd werken,released,aandacht hebben voor detail | nauwkeurig werken,"Met zorg uitvoeren van een taak op alle betrokken gebieden, hoe klein ook.",http://data.europa.eu/esco/skill/14c41899-0224-4cbc-bd8c-e946ada2da87,efficiënt werken
KnowledgeSkillCompetence,http://data.europa.eu/esco/skill/88b0c49e-7c2e-4ccc-aca3-fbd4bbc2081c,skill/competence,transversal,met kennis van zaken gebruikmaken van het gezondheidszorgstelsel,released,,"De juiste preventieve en curatieve aanbieders van gezondheidsdiensten identificeren en selecteren en de juiste medicatie veilig beheren.
  ",http://data.europa.eu/esco/skill/3d54fec5-d9cb-45a0-bf8d-ffaf3790a5bb,gezondheidsvaardigheden en -competenties toepassen
KnowledgeSkillCompetence,http://data.europa.eu/esco/skill/896a5e0c-7ac9-4e59-a9bf-17fdca6b1c37,skill/competence,transversal,de beginselen van de democratie en de rechtsstaat bevorderen,released,,"Een actieve rol spelen bij de bevordering van de beginselen van democratie, sociale rechtvaardigheid en de rechtsstaat. Discriminatie op grond van etnische, culturele of seksuele identiteit of geaardheid aan de kaak stellen, maar ook op grond van sociale, educatieve of economische achtergrond, door de gevolgen die geplande acties, waaronder wetgeving, beleid of programma’s, kunnen hebben op verschillende groepen te evalueren en te verwoorden.
  ",http://data.europa.eu/esco/skill/d6e97b91-b75d-45f5-8566-667798957b0f,maatschappelijke vaardigheden en competenties toepassen
KnowledgeSkillCompetence,http://data.europa.eu/esco/skill/93350886-a21b-4e61-a1b1-319a325c0f90,skill/competence,transversal,zichzelf creatief uitdrukken,released,,"Zang, dans, instrumentale muziek, acteerprestaties of beeldende kunsten kunnen inzetten om zich creatief uit te drukken.
  ",http://data.europa.eu/esco/skill/6115ff80-3d84-4e87-8e2b-6ede7ee004b4,culturele vaardigheden en competenties toepassen
KnowledgeSkillCompetence,http://data.europa.eu/esco/skill/96de2e86-e287-41f2-88ab-15a2343afc6f,skill/competence,transversal,conflicten oplossen,released,omgaan met conflicten,"Bemiddelen in conflicten en gespannen situaties door op te treden tussen de partijen en te streven naar overeenstemming, verzoening en probleemoplossing. Een conflict zo beslechten dat geen van de slachtoffers zich slecht behandeld voelt en ruzies bij voorbaat vermijden.
  ",http://data.europa.eu/esco/skill/6f142deb-03a9-4cd7-94ce-e0f023ae2169,communiceren
KnowledgeSkillCompetence,http://data.europa.eu/esco/skill/98a999db-72d5-4657-a0b0-2f850afd4368,skill/competence,transversal,uiteenlopende culturele en artistieke uitingen waarderen,released,,"Esthetische gevoeligheid, belangstelling en openheid aan de dag leggen voor kunstuitingen met verschillende culturele achtergronden.
  ",http://data.europa.eu/esco/skill/6115ff80-3d84-4e87-8e2b-6ede7ee004b4,culturele vaardigheden en competenties toepassen
KnowledgeSkillCompetence,http://data.europa.eu/esco/skill/9bf266a6-188b-4d17-a22f-2f266d76832b,skill/competence,transversal,bereidheid tonen om te leren,released,bereid zijn om te leren,Een positieve houding aan de dag leggen ten aanzien van nieuwe en uitdagende eisen die alleen via levenslang leren kunnen worden vervuld.,http://data.europa.eu/esco/skill/f5c9eef3-0495-4747-9519-d71a58d252bd,de bereidheid tonen om te leren
KnowledgeSkillCompetence,http://data.europa.eu/esco/skill/9c0f93f7-2592-4d4d-9673-fd640502345f,skill/competence,transversal,"met precisie gebruikmaken van apparatuur, gereedschap of technologie",released,,"Werkstukken, gereedschappen, precisie-instrumenten of -apparatuur zelfstandig gebruiken om handwerk uit te voeren, met of zonder minimale opleiding.
  ",http://data.europa.eu/esco/skill/ccb6db6a-8538-431c-b740-5f241bdb71cf,objecten en apparatuur bedienen en besturen
KnowledgeSkillCompetence,http://data.europa.eu/esco/skill/9cfd2219-553c-4d67-81e5-951e87c65135,skill/competence,transversal,gedurende lange tijd geconcentreerd blijven,released,concentratie gedurende lange tijd behouden,Gedurende een lange tijd geconcentreerd blijven om een juist oordeel te kunnen vormen en de juiste beslissingen te kunnen nemen.,http://data.europa.eu/esco/skill/14c41899-0224-4cbc-bd8c-e946ada2da87,efficiënt werken
KnowledgeSkillCompetence,http://data.europa.eu/esco/skill/a628d2d1-f40a-4c37-a357-2801726f2996,skill/competence,transversal,problemen vaststellen,released,,"Problemen en vraagstukken opsporen en herkennen, en de best mogelijke handelswijze vaststellen. Problemen melden indien nodig.
  ",http://data.europa.eu/esco/skill/13d301d0-98cb-414f-a8f9-a3f059228133,het ondervangen van problemen
KnowledgeSkillCompetence,http://data.europa.eu/esco/skill/a68bdf1e-b325-4880-b456-192c2891931a,skill/competence,transversal,fysiek fit blijven,released,,"Een preventieve en gezonde houding aannemen en toepassen, met inbegrip van regelmatige lichaamsbeweging, een gezonde slaaproutine en een gezonde voeding.
  ",http://data.europa.eu/esco/skill/3d54fec5-d9cb-45a0-bf8d-ffaf3790a5bb,gezondheidsvaardigheden en -competenties toepassen
KnowledgeSkillCompetence,http://data.europa.eu/esco/skill/adc6dc11-3376-467b-96c5-9b0a21edc869,skill/competence,transversal,problemen oplossen,released,,"Oplossingen vinden voor praktische, operationele of conceptuele problemen in een brede waaier aan contexten.
  ",http://data.europa.eu/esco/skill/13d301d0-98cb-414f-a8f9-a3f059228133,het ondervangen van problemen
KnowledgeSkillCompetence,http://data.europa.eu/esco/skill/b00e948c-19be-4951-8cff-60f88f1046e9,skill/competence,transversal,verantwoordelijkheden delegeren,released,,"Verantwoordelijkheden, activiteiten en taken aan anderen delegeren naar gelang van hun vermogen, voorbereidingsniveau en vakbekwaamheid. Ervoor zorgen dat mensen begrijpen wat ze moeten doen en wanneer ze dat moeten doen.
  ",http://data.europa.eu/esco/skill/fe5eabaa-63f6-4c44-b405-fc3ded8d56cb,anderen leiden
KnowledgeSkillCompetence,http://data.europa.eu/esco/skill/b080a008-a35d-4bd0-92e9-edf3773bb2b7,skill/competence,transversal,software voor communicatie en samenwerking gebruiken,released,,"Eenvoudige digitale instrumenten en technologieën gebruiken om met anderen te communiceren, te interageren en samen te werken.
  ",http://data.europa.eu/esco/skill/3399045f-8078-4066-8b46-475b49b260ab,werken met digitale apparaten en toepassingen
KnowledgeSkillCompetence,http://data.europa.eu/esco/skill/b19e0820-a96f-4c0a-a724-3c056180c1b3,skill/competence,transversal,teamgeest opbouwen,released,,"Een relatie op basis van wederzijds vertrouwen, respect en samenwerking uitbouwen tussen leden van hetzelfde team.
  ",http://data.europa.eu/esco/skill/fe5eabaa-63f6-4c44-b405-fc3ded8d56cb,anderen leiden
KnowledgeSkillCompetence,http://data.europa.eu/esco/skill/b40584aa-7c63-4eed-9422-a9798fb95fdc,skill/competence,transversal,improviseren,released,,"In staat zijn te improviseren en onmiddellijk en zonder vooruit te plannen te reageren op onbekende situaties.
  ",http://data.europa.eu/esco/skill/e84d080a-ff6d-41a7-b7b9-133e97c7bf00,creatief en innovatief denken
KnowledgeSkillCompetence,http://data.europa.eu/esco/skill/b618584f-6bdf-4d8f-89a7-f28c2c95afc2,skill/competence,transversal,voorschriften naleven,released,,"Regels, voorschriften en richtsnoeren met betrekking tot een specifiek domein of een specifieke sector naleven en respecteren en in de dagelijkse activiteiten toepassen.
  ",http://data.europa.eu/esco/skill/925af2b5-2f4d-4cce-92cc-79e1ff887c7d,een ethische gedragscode volgen
KnowledgeSkillCompetence,http://data.europa.eu/esco/skill/b6bdf202-524f-475d-b813-2aa9af005c37,skill/competence,transversal,objecten verplaatsen,released,,"Fysieke activiteiten verrichten om voorwerpen te verplaatsen, in te laden, uit te laden of op te slaan of om structuren te beklimmen, met de hand of met behulp van apparatuur.
  ",http://data.europa.eu/esco/skill/ccb6db6a-8538-431c-b740-5f241bdb71cf,objecten en apparatuur bedienen en besturen
KnowledgeSkillCompetence,http://data.europa.eu/esco/skill/ba93b71b-c433-4a01-8246-ed2daa85a9a2,skill/competence,transversal,zoekopdrachten op het web uitvoeren,released,,"Zoeken naar gegevens, informatie en inhoud via eenvoudige zoekopdrachten in digitale omgevingen.
  ",http://data.europa.eu/esco/skill/3399045f-8078-4066-8b46-475b49b260ab,werken met digitale apparaten en toepassingen
KnowledgeSkillCompetence,http://data.europa.eu/esco/skill/bc0b0b5d-f6be-405a-b224-b6902a4dbe97,skill/competence,cross-sector,digitale identiteiten beheren,released,de eigen digitale identiteit beheren | de eigen digitale identiteit beheren en beschermen,"Eén of meerdere digitale identiteiten creëren en beheren, in staat zijn de eigen reputatie te beschermen, kunnen omgaan met de gegevens die men via verschillende digitale tools, omgevingen en diensten produceert.",http://data.europa.eu/esco/skill/574257ea-7b64-4100-b7b6-e27c233fe143 | http://data.europa.eu/esco/skill/3399045f-8078-4066-8b46-475b49b260ab,digitale communicatie en samenwerking | werken met digitale apparaten en toepassingen
KnowledgeSkillCompetence,http://data.europa.eu/esco/skill/bcf002ce-90f8-42e5-ac1b-5dba208639b0,skill/competence,transversal,blijk geven van betrouwbaarheid,released,,"Blijk geven van eerlijkheid, integriteit en geloofwaardigheid op de werkplek. Loyaliteit laten zien aan uw team en organisatie en blijk geven van betrouwbaarheid.
  ",http://data.europa.eu/esco/skill/925af2b5-2f4d-4cce-92cc-79e1ff887c7d,een ethische gedragscode volgen
KnowledgeSkillCompetence,http://data.europa.eu/esco/skill/bdcf429c-5ccf-4c3d-bb61-4c987573a35e,skill/competence,transversal,ondernemerszin tonen,released,ondernemerschap tonen,"Een eigen onderneming ontwikkelen, organiseren en beheren, kansen identificeren en benutten en middelen mobiliseren, rekening houdend met de winstgevendheid. Blijk geven van een proactieve houding en vastberadenheid om succes te boeken in het bedrijfsleven.
  ",http://data.europa.eu/esco/skill/6c6957bf-cf1f-4483-9c7e-1655f251b01a,zakelijke en financiële vaardigheden en competenties toepassen
KnowledgeSkillCompetence,http://data.europa.eu/esco/skill/be6ab363-3de1-427f-a8ef-85d5b0250822,skill/competence,transversal,feiten rapporteren,released,verslag uitbrengen van feiten | verslag doen van feiten,Informatie doorgeven of gebeurtenissen mondeling vertellen.,http://data.europa.eu/esco/skill/6f142deb-03a9-4cd7-94ce-e0f023ae2169,communiceren
KnowledgeSkillCompetence,http://data.europa.eu/esco/skill/bf4d884f-c848-402a-b130-69c266b04164,skill/competence,transversal,basisprogrammeervaardigheden toepassen,released,,"Eenvoudige instructies opstellen voor een computersysteem om problemen op te lossen of taken uit te voeren op een basisniveau en met passende begeleiding waar nodig.
  ",http://data.europa.eu/esco/skill/3399045f-8078-4066-8b46-475b49b260ab,werken met digitale apparaten en toepassingen
KnowledgeSkillCompetence,http://data.europa.eu/esco/skill/bf983f2a-e941-4646-811d-cc81060cb53f,skill/competence,transversal,netwerken uitbouwen,released,,"Aantonen in staat te zijn doeltreffende relaties uit te bouwen, allianties, contacten of partnerschappen te ontwikkelen en te onderhouden, en informatie met anderen uit te wisselen.
  ",http://data.europa.eu/esco/skill/036afa6e-cdde-4b38-a53a-8e7910a840e1,samenwerken in teams en netwerken
KnowledgeSkillCompetence,http://data.europa.eu/esco/skill/c10d5d87-36cf-42f5-8a12-e560fb5f4af8,skill/competence,transversal,interculturele vaardigheden tonen,released,interculturele vaardigheden hebben,"Mensen begrijpen en respecteren die worden gezien als mensen met verschillende culturele affiniteiten, en effectief en respectvol op hen reageren.",http://data.europa.eu/esco/skill/036afa6e-cdde-4b38-a53a-8e7910a840e1,samenwerken in teams en netwerken
KnowledgeSkillCompetence,http://data.europa.eu/esco/skill/c29aa9d2-4da8-4bdd-831c-8d4a2fb51730,skill/competence,transversal,zelfstandig werken,released,onafhankelijk werken,"Een eigen manier van werken ontwikkelen, zichzelf motiveren met weinig of geen toezicht en op zichzelf vertrouwen om dingen gedaan te krijgen.",http://data.europa.eu/esco/skill/14c41899-0224-4cbc-bd8c-e946ada2da87,efficiënt werken
KnowledgeSkillCompetence,http://data.europa.eu/esco/skill/c2a0c52c-0b4b-4180-a918-92650ea3b458,skill/competence,transversal,innovatief denken,released,,"Ideeën of conclusies ontwikkelen die leiden tot het creëren en uitvoeren van innovaties of veranderingen.
  ",http://data.europa.eu/esco/skill/e84d080a-ff6d-41a7-b7b9-133e97c7bf00,creatief en innovatief denken
KnowledgeSkillCompetence,http://data.europa.eu/esco/skill/c4180af3-befd-4bd8-9a65-6a496f9d9f15,skill/competence,transversal,zich bewust zijn van gezondheidsrisico’s,released,,"In staat zijn om risico’s voor de persoonlijke gezondheid in te schatten en te beheren, bijvoorbeeld door veiligheidsmaatregelen op te nemen in de werkmethoden, brandbeveiligingsmaatregelen toe te passen, ergonomische beginselen te respecteren en toe te passen en rekening te houden met de effecten van drugs en alcohol op personen, gezinnen en gemeenschappen.
  ",http://data.europa.eu/esco/skill/3d54fec5-d9cb-45a0-bf8d-ffaf3790a5bb,gezondheidsvaardigheden en -competenties toepassen
KnowledgeSkillCompetence,http://data.europa.eu/esco/skill/c624c6a3-b0ba-4a31-a296-0d433fe47e41,skill/competence,transversal,creatief denken,released,creatief nadenken,"Genereren van nieuwe ideeën of bestaande ideeën combineren om innovatieve, nieuwe oplossingen te ontwikkelen.",http://data.europa.eu/esco/skill/e84d080a-ff6d-41a7-b7b9-133e97c7bf00,creatief en innovatief denken
KnowledgeSkillCompetence,http://data.europa.eu/esco/skill/d56e2c2f-3e01-4b76-a7bb-ecb6d430172f,skill/competence,transversal,holistisch denken,released,,"Rekening houden met indirecte en langetermijngevolgen bij het plannen en nemen van beslissingen. Rekening houden met de gevolgen voor andere mensen, processen en het milieu en die meenemen in de planning.
  ",http://data.europa.eu/esco/skill/fff1d675-c36a-4c12-9cd4-407f21ccd06a,"informatie, ideeën en concepten verwerken"
KnowledgeSkillCompetence,http://data.europa.eu/esco/skill/d62d2b4c-a6f8-439e-8a1b-4f29ab5f2c47,skill/competence,transversal,beslissingen nemen,released,besluiten nemen,Een keuze maken uit verschillende alternatieve mogelijkheden.,http://data.europa.eu/esco/skill/91860993-1a8b-4473-91f3-600aa1924bd0,een proactieve aanpak hanteren
KnowledgeSkillCompetence,http://data.europa.eu/esco/skill/d822b4b2-26c7-4bd9-970d-229c6504f615,skill/competence,transversal,digitale inhoud creëren,released,,"Eenvoudige digitale inhoud creëren en bewerken, waar nodig met begeleiding.
  ",http://data.europa.eu/esco/skill/3399045f-8078-4066-8b46-475b49b260ab,werken met digitale apparaten en toepassingen
KnowledgeSkillCompetence,http://data.europa.eu/esco/skill/d9013e0e-e937-43d5-ab71-0e917ee882b8,skill/competence,transversal,tijd beheren,released,,"De volgorde van evenementen, programma’s en activiteiten, alsook het werk van anderen plannen.",http://data.europa.eu/esco/skill/14c41899-0224-4cbc-bd8c-e946ada2da87,efficiënt werken
KnowledgeSkillCompetence,http://data.europa.eu/esco/skill/d9449998-c1f5-478c-a103-2255398cf0b6,skill/competence,transversal,hygiënenormen toepassen,released,,"De persoonlijke verantwoordelijkheid op zich nemen om een veilige en niet-besmettelijke werk- en leefomgeving te garanderen, met inbegrip van het gebruik van mondkapjes, ontsmettingsmiddelen en algemene persoonlijke hygiëne.
  ",http://data.europa.eu/esco/skill/3d54fec5-d9cb-45a0-bf8d-ffaf3790a5bb,gezondheidsvaardigheden en -competenties toepassen
KnowledgeSkillCompetence,http://data.europa.eu/esco/skill/db33c0f3-43ee-4ba3-ba47-9269ac837697,skill/competence,transversal,informatie en informatiebronnen kritisch evalueren,released,,"In staat zijn informatie en informatiebronnen te evalueren en te analyseren. Blijk kunnen geven van toegang tot en kritisch inzicht in zowel traditionele als nieuwe vormen van media en hun rol en functie in democratische samenlevingen.
  ",http://data.europa.eu/esco/skill/d6e97b91-b75d-45f5-8566-667798957b0f,maatschappelijke vaardigheden en competenties toepassen
KnowledgeSkillCompetence,http://data.europa.eu/esco/skill/dcc99418-d896-4b3b-8596-658093a17a8f,skill/competence,transversal,chronische gezondheidsaandoeningen beheersen,released,,"Manieren vaststellen en toepassen om de negatieve effecten van chronische gezondheidsaandoeningen te minimaliseren, met inbegrip van het gebruik van hulpmiddelen om te zien, te horen en te lopen en van passende medicatie en adequate sociale en medische ondersteuning.
  ",http://data.europa.eu/esco/skill/3d54fec5-d9cb-45a0-bf8d-ffaf3790a5bb,gezondheidsvaardigheden en -competenties toepassen
KnowledgeSkillCompetence,http://data.europa.eu/esco/skill/deb3c1bc-d48a-42e6-b0cc-cb238534ec28,skill/competence,transversal,kennis van sociale wetenschappen en geesteswetenschappen toepassen,released,,"Blijk geven van inzicht in de aard, de pluraliteit en de functie van sociale en politieke groeperingen en hun relatie met de sociaaleconomische dimensie van de samenleving. De rol en plaats van individuen in de maatschappij begrijpen.
  ",http://data.europa.eu/esco/skill/44ff6716-7d71-4a16-821b-61d10e9e290d,algemene kennis toepassen
KnowledgeSkillCompetence,http://data.europa.eu/esco/skill/df5e3d02-9f0f-44ee-91c2-85c62f161868,skill/competence,transversal,"ideeën, producten of diensten promoten",released,,"Producten, programma’s en diensten voorstellen en adverteren met als doel anderen te overtuigen en te beïnvloeden.
  ",http://data.europa.eu/esco/skill/6f142deb-03a9-4cd7-94ce-e0f023ae2169,communiceren
KnowledgeSkillCompetence,http://data.europa.eu/esco/skill/e2d44a9b-f28c-489e-9861-b654b5ded507,skill/competence,transversal,anderen aanmoedigen,released,anderen motiveren,Het gedrag van andere mensen sturen door hen een overtuigende reden te geven om actie te ondernemen.,http://data.europa.eu/esco/skill/fe5eabaa-63f6-4c44-b405-fc3ded8d56cb,anderen leiden
KnowledgeSkillCompetence,http://data.europa.eu/esco/skill/e37d64dc-0f05-4ee8-b065-bf76f70d8f5c,skill/competence,transversal,vertrouwelijkheidsverplichtingen eerbiedigen,released,,"De nodige discretie en terughoudendheid in acht nemen bij de behandeling van vertrouwelijke, geheime of onaangename informatie.
  ",http://data.europa.eu/esco/skill/925af2b5-2f4d-4cce-92cc-79e1ff887c7d,een ethische gedragscode volgen
KnowledgeSkillCompetence,http://data.europa.eu/esco/skill/e49f4158-9d4c-425d-bf32-dfe89b19840a,skill/competence,transversal,plannen,released,,"Een eigen tijdschema en middelen beheren om taken tijdig af te ronden.
  ",http://data.europa.eu/esco/skill/66fdc34c-2326-4baa-b8ff-7a1d1015fe3a,plannen en organiseren
KnowledgeSkillCompetence,http://data.europa.eu/esco/skill/ef7562b2-f176-4d7c-a0b2-27ae8cce0b7d,skill/competence,transversal,reageren op fysieke veranderingen of gevaren,released,,"Snel en adequaat reageren op externe of interne omstandigheden en stimuli.
  ",http://data.europa.eu/esco/skill/e52389a2-1a05-45b0-8db3-4bda0f0c0b48,inspelen op fysieke omstandigheden
KnowledgeSkillCompetence,http://data.europa.eu/esco/skill/f4346299-e22a-4686-8e61-2c9b0cd51c7d,skill/competence,transversal,digitale veiligheidsmaatregelen toepassen,released,,"Eenvoudige methoden volgen om digitale apparaten en inhoud te beschermen.
  ",http://data.europa.eu/esco/skill/3399045f-8078-4066-8b46-475b49b260ab,werken met digitale apparaten en toepassingen
KnowledgeSkillCompetence,http://data.europa.eu/esco/skill/f4bcdb75-df28-441d-a52b-9730904f36a1,skill/competence,transversal,rechten en verantwoordelijkheden uitoefenen,released,,"Zich bewust zijn van en gebruikmaken van wettelijke en grondwettelijke rechten, met inbegrip van de plicht om de wet te respecteren, belasting te betalen en bijstand te verlenen, alsook het recht om te stemmen, verkozen te worden of zich in een proces door een advocaat te laten verdedigen.
  ",http://data.europa.eu/esco/skill/d6e97b91-b75d-45f5-8566-667798957b0f,maatschappelijke vaardigheden en competenties toepassen
KnowledgeSkillCompetence,http://data.europa.eu/esco/skill/fa46a48d-9cb9-422d-afab-1047654dbcdd,skill/competence,transversal,informatie opslaan,released,informatie memoriseren | informatie onthouden | informatie van buiten leren,"Informatie opslaan zoals woorden, nummers, foto's en procedures om later op te vragen.",http://data.europa.eu/esco/skill/fff1d675-c36a-4c12-9cd4-407f21ccd06a,"informatie, ideeën en concepten verwerken"
KnowledgeSkillCompetence,http://data.europa.eu/esco/skill/fd89f784-88dc-4d35-abd7-86aa073cab12,skill/competence,transversal,onbevooroordeeld blijven,released,,"Geïnteresseerd zijn en openstaan voor de problemen van anderen.
  ",http://data.europa.eu/esco/skill/f5c9eef3-0495-4747-9519-d71a58d252bd,de bereidheid tonen om te leren
